,0,1,accuracy,macro avg,weighted avg
precision,0.84,0.6923076923076923,0.7894736842105263,0.7661538461538462,0.7894736842105263
recall,0.84,0.6923076923076923,0.7894736842105263,0.7661538461538462,0.7894736842105263
f1-score,0.8399999999999999,0.6923076923076923,0.7894736842105263,0.7661538461538461,0.7894736842105262
support,25.0,13.0,0.7894736842105263,38.0,38.0
