,0,1,accuracy,macro avg,weighted avg
precision,0.875,0.7142857142857143,0.8157894736842105,0.7946428571428572,0.8200187969924811
recall,0.84,0.7692307692307693,0.8157894736842105,0.8046153846153846,0.8157894736842105
f1-score,0.8571428571428572,0.7407407407407408,0.8157894736842105,0.7989417989417991,0.8173210804789752
support,25.0,13.0,0.8157894736842105,38.0,38.0
