,0,1,accuracy,macro avg,weighted avg
precision,0.6956521739130435,0.4,0.5789473684210527,0.5478260869565217,0.594508009153318
recall,0.64,0.46153846153846156,0.5789473684210527,0.5507692307692308,0.5789473684210527
f1-score,0.6666666666666666,0.42857142857142855,0.5789473684210527,0.5476190476190476,0.5852130325814535
support,25.0,13.0,0.5789473684210527,38.0,38.0
