,0,1,accuracy,macro avg,weighted avg
precision,0.8695652173913043,0.6666666666666666,0.7894736842105263,0.7681159420289855,0.8001525553012967
recall,0.8,0.7692307692307693,0.7894736842105263,0.7846153846153847,0.7894736842105263
f1-score,0.8333333333333333,0.7142857142857142,0.7894736842105263,0.7738095238095237,0.7926065162907268
support,25.0,13.0,0.7894736842105263,38.0,38.0
